user_id,birthday,gender,birth,birth_year,birth_month
2757,20130311.0,1.0,2013-03-11,2013,3
415971,20121111.0,0.0,2012-11-11,2012,11
1372572,20120130.0,1.0,2012-01-30,2012,1
10339332,20110910.0,0.0,2011-09-10,2011,9
10642245,20130213.0,0.0,2013-02-13,2013,2
10923201,20110830.0,1.0,2011-08-30,2011,8
11768880,20120107.0,1.0,2012-01-07,2012,1
12519465,20130705.0,1.0,2013-07-05,2013,7
12950574,,0.0,2009-07-08,2009,7
13735440,20120323.0,0.0,2012-03-23,2012,3
14510892,20140812.0,1.0,2014-08-12,2014,8
14905422,20110429.0,1.0,2011-04-29,2011,4
15786531,,0.0,2008-09-22,2008,9
16265490,,0.0,2009-12-09,2009,12
17431245,20110115.0,0.0,2011-01-15,2011,1
18190851,20110101.0,0.0,2011-01-01,2011,1
20087991,20100808.0,0.0,2010-08-08,2010,8
20570454,,1.0,2008-10-17,2008,10
21137271,20110204.0,1.0,2011-02-04,2011,2
21415917,,1.0,2006-08-01,2006,8
21887268,20100526.0,0.0,2010-05-26,2010,5
22602471,,1.0,2009-06-01,2009,6
23208537,,1.0,2008-04-16,2008,4
23927133,,0.0,2008-10-29,2008,10
24829944,20140826.0,1.0,2014-08-26,2014,8
25807593,20141122.0,1.0,2014-11-22,2014,11
26629842,20131124.0,0.0,2013-11-24,2013,11
27213666,,0.0,2008-04-13,2008,4
30595206,,0.0,2007-09-18,2007,9
31235454,20110319.0,0.0,2011-03-19,2011,3
31795068,,0.0,2007-11-24,2007,11
33062883,20100814.0,1.0,2010-08-14,2010,8
34582044,20121101.0,0.0,2012-11-01,2012,11
34911780,20100302.0,1.0,2010-03-02,2010,3
35831517,20110708.0,0.0,2011-07-08,2011,7
37273026,20120212.0,1.0,2012-02-12,2012,2
38061660,20111203.0,1.0,2011-12-03,2011,12
40305507,20111017.0,1.0,2011-10-17,2011,10
41643429,20140322.0,1.0,2014-03-22,2014,3
42687654,,1.0,2009-05-15,2009,5
43241697,20120512.0,0.0,2012-05-12,2012,5
44716356,20130211.0,0.0,2013-02-11,2013,2
46013049,20140408.0,1.0,2014-04-08,2014,4
46951908,,1.0,2009-12-17,2009,12
47742510,20140727.0,0.0,2014-07-27,2014,7
48655521,20110101.0,0.0,2011-01-01,2011,1
49167150,20130818.0,,2013-08-18,2013,8
49983255,20140206.0,,2014-02-06,2014,2
50238258,20101206.0,1.0,2010-12-06,2010,12
51103674,20110817.0,0.0,2011-08-17,2011,8
51880578,20110107.0,0.0,2011-01-07,2011,1
52529655,20130611.0,,2013-06-11,2013,6
52744851,20120822.0,1.0,2012-08-22,2012,8
53433471,20120903.0,1.0,2012-09-03,2012,9
54855720,20130128.0,0.0,2013-01-28,2013,1
55875510,20120803.0,0.0,2012-08-03,2012,8
56663970,,1.0,2009-11-16,2009,11
57494340,20140518.0,0.0,2014-05-18,2014,5
57711375,20130420.0,,2013-04-20,2013,4
58199199,20110702.0,0.0,2011-07-02,2011,7
58463787,20100928.0,1.0,2010-09-28,2010,9
59069103,,0.0,2006-04-13,2006,4
59596068,20130428.0,1.0,2013-04-28,2013,4
60387171,20130216.0,1.0,2013-02-16,2013,2
61079421,20130501.0,1.0,2013-05-01,2013,5
61620681,20130308.0,0.0,2013-03-08,2013,3
62879667,20111205.0,0.0,2011-12-05,2011,12
64343163,20100123.0,1.0,2010-01-23,2010,1
65312343,,1.0,2009-06-27,2009,6
66248748,20120908.0,0.0,2012-09-08,2012,9
66755460,20110307.0,1.0,2011-03-07,2011,3
67443207,,0.0,2008-01-01,2008,1
67985523,20120713.0,0.0,2012-07-13,2012,7
69057729,20110105.0,1.0,2011-01-05,2011,1
69435486,20120821.0,1.0,2012-08-21,2012,8
70069665,20100415.0,0.0,2010-04-15,2010,4
70835010,20140522.0,0.0,2014-05-22,2014,5
71726532,20110515.0,0.0,2011-05-15,2011,5
72231900,20110221.0,0.0,2011-02-21,2011,2
72746697,20140222.0,1.0,2014-02-22,2014,2
73291425,20100628.0,0.0,2010-06-28,2010,6
74459175,20130309.0,0.0,2013-03-09,2013,3
75343881,20120225.0,0.0,2012-02-25,2012,2
75613245,20111122.0,1.0,2011-11-22,2011,11
76580427,20120307.0,1.0,2012-03-07,2012,3
77933013,20100702.0,1.0,2010-07-02,2010,7
78375309,20130322.0,1.0,2013-03-22,2013,3
78962691,20130218.0,0.0,2013-02-18,2013,2
80014536,20120615.0,1.0,2012-06-15,2012,6
80512596,20130208.0,0.0,2013-02-08,2013,2
81793389,20130904.0,0.0,2013-09-04,2013,9
82783545,20140416.0,1.0,2014-04-16,2014,4
83472357,20130120.0,1.0,2013-01-20,2013,1
84835944,20111008.0,0.0,2011-10-08,2011,10
86731623,20131226.0,0.0,2013-12-26,2013,12
87659835,20110930.0,1.0,2011-09-30,2011,9
88290456,,0.0,2009-01-18,2009,1
89520261,,0.0,1984-06-16,1984,6
91177545,20100203.0,0.0,2010-02-03,2010,2
92116962,20120526.0,1.0,2012-05-26,2012,5
93332442,20111102.0,0.0,2011-11-02,2011,11
94472106,,0.0,2009-11-05,2009,11
95428725,20120331.0,0.0,2012-03-31,2012,3
96476817,20120813.0,0.0,2012-08-13,2012,8
97489185,20140429.0,1.0,2014-04-29,2014,4
98246781,20120618.0,1.0,2012-06-18,2012,6
99665637,20130926.0,,2013-09-26,2013,9
102088293,20130525.0,1.0,2013-05-25,2013,5
105361095,20130116.0,1.0,2013-01-16,2013,1
106828323,20140201.0,0.0,2014-02-01,2014,2
109404219,,0.0,2007-04-09,2007,4
111621945,20130809.0,1.0,2013-08-09,2013,8
113243127,20110226.0,0.0,2011-02-26,2011,2
114558810,,0.0,2008-09-14,2008,9
115930791,20130519.0,0.0,2013-05-19,2013,5
116466705,20130101.0,0.0,2013-01-01,2013,1
118300134,20110503.0,0.0,2011-05-03,2011,5
119784861,20120327.0,0.0,2012-03-27,2012,3
123044613,20111210.0,1.0,2011-12-10,2011,12
124527924,20110930.0,1.0,2011-09-30,2011,9
126581934,20110519.0,0.0,2011-05-19,2011,5
127931487,20120703.0,0.0,2012-07-03,2012,7
130211481,,0.0,2008-12-09,2008,12
131021484,,0.0,2009-10-08,2009,10
132357204,20111125.0,1.0,2011-11-25,2011,11
133595268,20110919.0,1.0,2011-09-19,2011,9
136997100,20130113.0,1.0,2013-01-13,2013,1
138180945,,0.0,2008-09-28,2008,9
139924698,20120117.0,1.0,2012-01-17,2012,1
141595593,,0.0,2008-12-22,2008,12
143220732,,1.0,2008-12-16,2008,12
150404943,,0.0,2005-06-18,2005,6
151742451,20140121.0,,2014-01-21,2014,1
154930665,20110218.0,0.0,2011-02-18,2011,2
155969997,20120505.0,0.0,2012-05-05,2012,5
159129426,20100825.0,0.0,2010-08-25,2010,8
163555902,,1.0,2009-05-02,2009,5
166937481,20130620.0,1.0,2013-06-20,2013,6
172453374,20130206.0,1.0,2013-02-06,2013,2
174880005,,0.0,2007-09-10,2007,9
180473754,20130522.0,0.0,2013-05-22,2013,5
186418698,20120118.0,1.0,2012-01-18,2012,1
188799366,20111130.0,1.0,2011-11-30,2011,11
191156136,20130415.0,0.0,2013-04-15,2013,4
196293483,20100117.0,1.0,2010-01-17,2010,1
197066280,,0.0,2008-05-10,2008,5
198339735,20110128.0,0.0,2011-01-28,2011,1
199354107,20100310.0,1.0,2010-03-10,2010,3
201402855,,0.0,2008-12-18,2008,12
211057395,,0.0,2008-03-11,2008,3
219658557,20130220.0,1.0,2013-02-20,2013,2
224653845,20111114.0,1.0,2011-11-14,2011,11
229407174,,0.0,2008-12-23,2008,12
235795692,20130425.0,0.0,2013-04-25,2013,4
241837911,20121225.0,0.0,2012-12-25,2012,12
250900287,20130708.0,1.0,2013-07-08,2013,7
255635397,20130607.0,1.0,2013-06-07,2013,6
260087412,20130309.0,0.0,2013-03-09,2013,3
264579453,20140512.0,0.0,2014-05-12,2014,5
267910347,,0.0,2007-11-21,2007,11
272757969,20110224.0,0.0,2011-02-24,2011,2
275261625,20100525.0,0.0,2010-05-25,2010,5
276219687,20130529.0,1.0,2013-05-29,2013,5
277629531,20130830.0,,2013-08-30,2013,8
279722190,,0.0,2009-03-18,2009,3
286307391,20111009.0,0.0,2011-10-09,2011,10
292966044,20100916.0,1.0,2010-09-16,2010,9
300931383,20131219.0,0.0,2013-12-19,2013,12
305489040,20130811.0,1.0,2013-08-11,2013,8
316263477,20110717.0,1.0,2011-07-17,2011,7
322204938,20130626.0,0.0,2013-06-26,2013,6
325759617,20100812.0,1.0,2010-08-12,2010,8
326454822,,1.0,2009-04-03,2009,4
332182758,20120714.0,1.0,2012-07-14,2012,7
338734269,20130926.0,1.0,2013-09-26,2013,9
343603914,20130225.0,1.0,2013-02-25,2013,2
348109281,20100208.0,1.0,2010-02-08,2010,2
352463907,20110402.0,0.0,2011-04-02,2011,4
354804408,20130327.0,0.0,2013-03-27,2013,3
357851268,20120621.0,1.0,2012-06-21,2012,6
359890617,20140324.0,0.0,2014-03-24,2014,3
360647838,20140120.0,0.0,2014-01-20,2014,1
363164958,20141229.0,0.0,2014-12-29,2014,12
367595379,20100923.0,1.0,2010-09-23,2010,9
371646807,20140915.0,1.0,2014-09-15,2014,9
373726419,20130828.0,0.0,2013-08-28,2013,8
378028878,20120208.0,0.0,2012-02-08,2012,2
379910739,20110226.0,0.0,2011-02-26,2011,2
384841734,20120830.0,1.0,2012-08-30,2012,8
387079260,20131018.0,1.0,2013-10-18,2013,10
389377821,20140520.0,0.0,2014-05-20,2014,5
393226650,20130425.0,1.0,2013-04-25,2013,4
396311979,20110926.0,1.0,2011-09-26,2011,9
403609077,20110802.0,0.0,2011-08-02,2011,8
405674478,20121028.0,1.0,2012-10-28,2012,10
408325776,20140505.0,0.0,2014-05-05,2014,5
410161398,,1.0,2007-05-06,2007,5
412025994,20130402.0,1.0,2013-04-02,2013,4
414338337,20150123.0,1.0,2015-01-23,2015,1
419554296,20120709.0,1.0,2012-07-09,2012,7
422641140,20120820.0,1.0,2012-08-20,2012,8
426768576,20130401.0,1.0,2013-04-01,2013,4
438010029,20120807.0,1.0,2012-08-07,2012,8
442973445,20130520.0,1.0,2013-05-20,2013,5
451100817,20110724.0,1.0,2011-07-24,2011,7
460971987,20111001.0,0.0,2011-10-01,2011,10
474782625,20140715.0,1.0,2014-07-15,2014,7
478118517,20131103.0,0.0,2013-11-03,2013,11
486503874,20120910.0,1.0,2012-09-10,2012,9
502828062,20111017.0,1.0,2011-10-17,2011,10
515908401,20110714.0,0.0,2011-07-14,2011,7
528643545,20121204.0,0.0,2012-12-04,2012,12
550066806,20131101.0,1.0,2013-11-01,2013,11
573822792,20141226.0,0.0,2014-12-26,2014,12
581726208,20150815.0,1.0,2015-08-15,2015,8
592767759,20140824.0,1.0,2014-08-24,2014,8
602646492,20130712.0,1.0,2013-07-12,2013,7
606024981,20140326.0,0.0,2014-03-26,2014,3
620090085,20140908.0,1.0,2014-09-08,2014,9
628378860,20120816.0,0.0,2012-08-16,2012,8
633734925,20120324.0,0.0,2012-03-24,2012,3
645596397,20130220.0,0.0,2013-02-20,2013,2
648024036,20110730.0,1.0,2011-07-30,2011,7
648783804,,0.0,2007-06-09,2007,6
652992315,,0.0,2008-12-31,2008,12
656871588,20110905.0,1.0,2011-09-05,2011,9
660371928,20130305.0,1.0,2013-03-05,2013,3
665216877,20140226.0,0.0,2014-02-26,2014,2
669342381,20131018.0,1.0,2013-10-18,2013,10
672591831,20140807.0,1.0,2014-08-07,2014,8
674462565,20131028.0,1.0,2013-10-28,2013,10
676404930,20141215.0,1.0,2014-12-15,2014,12
679878153,20130927.0,0.0,2013-09-27,2013,9
682888656,20150406.0,1.0,2015-04-06,2015,4
686047242,20100304.0,0.0,2010-03-04,2010,3
690267186,20140104.0,,2014-01-04,2014,1
693449541,,1.0,2007-01-13,2007,1
698867133,20140925.0,0.0,2014-09-25,2014,9
705109899,20150318.0,0.0,2015-03-18,2015,3
707774847,20110331.0,0.0,2011-03-31,2011,3
712034589,20110106.0,0.0,2011-01-06,2011,1
714919791,20120316.0,1.0,2012-03-16,2012,3
717297456,20130612.0,1.0,2013-06-12,2013,6
718935048,20121028.0,0.0,2012-10-28,2012,10
723397857,20110917.0,0.0,2011-09-17,2011,9
726334191,20100225.0,1.0,2010-02-25,2010,2
728180676,20101212.0,0.0,2010-12-12,2010,12
730302768,20110330.0,1.0,2011-03-30,2011,3
732541962,20121228.0,1.0,2012-12-28,2012,12
734958687,20120916.0,1.0,2012-09-16,2012,9
737930496,20140515.0,1.0,2014-05-15,2014,5
741473940,20140723.0,1.0,2014-07-23,2014,7
743631006,20130224.0,1.0,2013-02-24,2013,2
746338356,20130806.0,1.0,2013-08-06,2013,8
750833184,20101104.0,0.0,2010-11-04,2010,11
753852498,20131011.0,0.0,2013-10-11,2013,10
756621534,20141016.0,1.0,2014-10-16,2014,10
758277216,20141026.0,0.0,2014-10-26,2014,10
761265678,20130927.0,1.0,2013-09-27,2013,9
764418129,20121012.0,1.0,2012-10-12,2012,10
766386444,20140115.0,0.0,2014-01-15,2014,1
771232308,20100415.0,0.0,2010-04-15,2010,4
775276242,20110201.0,0.0,2011-02-01,2011,2
779336988,20100310.0,1.0,2010-03-10,2010,3
785311611,20121003.0,0.0,2012-10-03,2012,10
787693926,,1.0,2008-12-26,2008,12
793020597,20120427.0,0.0,2012-04-27,2012,4
798742650,20131104.0,1.0,2013-11-04,2013,11
805018083,20121006.0,1.0,2012-10-06,2012,10
809862801,20140121.0,1.0,2014-01-21,2014,1
816959238,20120621.0,0.0,2012-06-21,2012,6
824413527,20131201.0,0.0,2013-12-01,2013,12
827639760,20140101.0,0.0,2014-01-01,2014,1
829440261,20131218.0,0.0,2013-12-18,2013,12
838135776,20130206.0,0.0,2013-02-06,2013,2
844344519,20120210.0,1.0,2012-02-10,2012,2
848302497,20140218.0,1.0,2014-02-18,2014,2
849430227,20140619.0,0.0,2014-06-19,2014,6
859624068,20110824.0,1.0,2011-08-24,2011,8
870668820,20140211.0,1.0,2014-02-11,2014,2
874621830,20101220.0,1.0,2010-12-20,2010,12
883158198,20130610.0,1.0,2013-06-10,2013,6
886997790,20141130.0,0.0,2014-11-30,2014,11
902549448,20130615.0,,2013-06-15,2013,6
914074800,20140219.0,,2014-02-19,2014,2
925964568,,1.0,2009-03-30,2009,3
1017818160,20111020.0,0.0,2011-10-20,2011,10
1033466085,20120411.0,0.0,2012-04-11,2012,4
1040350341,20140628.0,0.0,2014-06-28,2014,6
1045319175,20110209.0,1.0,2011-02-09,2011,2
1049355963,20120702.0,0.0,2012-07-02,2012,7
1055336274,20120429.0,1.0,2012-04-29,2012,4
1060518588,20130815.0,,2013-08-15,2013,8
1075810191,20140718.0,1.0,2014-07-18,2014,7
1083497049,20140815.0,0.0,2014-08-15,2014,8
1089343761,20131205.0,0.0,2013-12-05,2013,12
1100388114,20141011.0,0.0,2014-10-11,2014,10
1113460719,20130504.0,0.0,2013-05-04,2013,5
1125759387,20140811.0,1.0,2014-08-11,2014,8
1132472679,20141030.0,0.0,2014-10-30,2014,10
1593516816,,1.0,2009-06-18,2009,6
1635059595,,1.0,2007-09-19,2007,9
1643805171,20140509.0,1.0,2014-05-09,2014,5
1658032434,20121022.0,1.0,2012-10-22,2012,10
1672630998,20140302.0,1.0,2014-03-02,2014,3
1692582408,20120712.0,0.0,2012-07-12,2012,7
1706543412,20110105.0,1.0,2011-01-05,2011,1
1730315664,20120629.0,0.0,2012-06-29,2012,6
1766969850,20130613.0,0.0,2013-06-13,2013,6
1783121841,,0.0,2004-03-23,2004,3
1817973372,20120223.0,1.0,2012-02-23,2012,2
1834895775,,0.0,2009-05-15,2009,5
1858557399,20141115.0,1.0,2014-11-15,2014,11
1911445233,20120430.0,1.0,2012-04-30,2012,4
1944471144,20130819.0,1.0,2013-08-19,2013,8
1990421511,20141021.0,0.0,2014-10-21,2014,10
2062636887,20150315.0,1.0,2015-03-15,2015,3
2118737046,20140411.0,1.0,2014-04-11,2014,4
2230873305,20120201.0,0.0,2012-02-01,2012,2
2298687186,20121009.0,1.0,2012-10-09,2012,10
330830,,0.0,2009-10-07,2009,10
645557,20120207.0,0.0,2012-02-07,2012,2
1567601,20120707.0,0.0,2012-07-07,2012,7
10502300,20120504.0,0.0,2012-05-04,2012,5
11461439,20130307.0,1.0,2013-03-07,2013,3
12155387,,1.0,2009-08-05,2009,8
12576056,20110611.0,0.0,2011-06-11,2011,6
13101455,20110819.0,0.0,2011-08-19,2011,8
13802003,20111022.0,1.0,2011-10-22,2011,10
14342858,20110207.0,0.0,2011-02-07,2011,2
14785577,,0.0,2008-08-20,2008,8
16031078,20120325.0,0.0,2012-03-25,2012,3
16992440,20120516.0,0.0,2012-05-16,2012,5
17830874,20130927.0,,2013-09-27,2013,9
21185033,,1.0,2006-04-07,2006,4
22337360,,0.0,2004-09-12,2004,9
22775189,20120419.0,0.0,2012-04-19,2012,4
23256752,20120712.0,1.0,2012-07-12,2012,7
23779676,20100109.0,1.0,2010-01-09,2010,1
24466085,20110903.0,0.0,2011-09-03,2011,9
25176194,20140913.0,1.0,2014-09-13,2014,9
26184254,20121221.0,0.0,2012-12-21,2012,12
27488537,,0.0,2009-06-16,2009,6
31036295,20120205.0,1.0,2012-02-05,2012,2
32802731,,0.0,2005-11-30,2005,11
33702305,20130318.0,0.0,2013-03-18,2013,3
34296803,,0.0,2009-04-14,2009,4
35497496,,1.0,2009-10-20,2009,10
36134771,20141117.0,1.0,2014-11-17,2014,11
37050995,20121022.0,0.0,2012-10-22,2012,10
37613228,20120321.0,0.0,2012-03-21,2012,3
38060393,20110801.0,1.0,2011-08-01,2011,8
39712478,20130212.0,0.0,2013-02-12,2013,2
40183850,20120611.0,1.0,2012-06-11,2012,6
41338352,,0.0,2008-01-30,2008,1
42558014,20100704.0,0.0,2010-07-04,2010,7
44253932,20100113.0,1.0,2010-01-13,2010,1
45661628,20131015.0,1.0,2013-10-15,2013,10
46577846,20120518.0,0.0,2012-05-18,2012,5
47342027,20101008.0,1.0,2010-10-08,2010,10
47737028,20120320.0,1.0,2012-03-20,2012,3
48419732,20100409.0,0.0,2010-04-09,2010,4
48922355,20110715.0,0.0,2011-07-15,2011,7
49561550,20130604.0,1.0,2013-06-04,2013,6
50168231,,0.0,2009-04-28,2009,4
51150884,,1.0,2008-11-29,2008,11
51598634,20110612.0,0.0,2011-06-12,2011,6
52404311,20100924.0,1.0,2010-09-24,2010,9
52971251,20130617.0,0.0,2013-06-17,2013,6
53538638,20131106.0,1.0,2013-11-06,2013,11
54451652,20100602.0,0.0,2010-06-02,2010,6
54925736,20130428.0,0.0,2013-04-28,2013,4
55867871,20120623.0,1.0,2012-06-23,2012,6
56736746,20121105.0,1.0,2012-11-05,2012,11
57970535,20130114.0,1.0,2013-01-14,2013,1
58244867,20101015.0,1.0,2010-10-15,2010,10
58666247,20140307.0,0.0,2014-03-07,2014,3
59441576,20100223.0,1.0,2010-02-23,2010,2
60290489,,0.0,2009-11-01,2009,11
61127135,20120317.0,1.0,2012-03-17,2012,3
61526102,20110523.0,0.0,2011-05-23,2011,5
62380766,20120313.0,1.0,2012-03-13,2012,3
62789705,20131111.0,0.0,2013-11-11,2013,11
63437351,20121015.0,0.0,2012-10-15,2012,10
63741599,20110324.0,0.0,2011-03-24,2011,3
65079983,20130804.0,1.0,2013-08-04,2013,8
65651861,20111124.0,1.0,2011-11-24,2011,11
66569606,20120123.0,1.0,2012-01-23,2012,1
67170281,20120612.0,1.0,2012-06-12,2012,6
67555313,,0.0,2007-06-01,2007,6
68067107,20121114.0,1.0,2012-11-14,2012,11
69203525,20100123.0,1.0,2010-01-23,2010,1
69841787,20140725.0,0.0,2014-07-25,2014,7
71850476,20120513.0,1.0,2012-05-13,2012,5
72088976,20141106.0,1.0,2014-11-06,2014,11
72875105,20120802.0,0.0,2012-08-02,2012,8
73973378,20120404.0,0.0,2012-04-04,2012,4
75104744,20140315.0,1.0,2014-03-15,2014,3
76076096,20140428.0,1.0,2014-04-28,2014,4
77723093,20131221.0,0.0,2013-12-21,2013,12
78613406,,1.0,2007-11-04,2007,11
79823567,20140409.0,1.0,2014-04-09,2014,4
81094748,,0.0,2009-03-23,2009,3
82248938,20141230.0,0.0,2014-12-30,2014,12
83744798,20120805.0,1.0,2012-08-05,2012,8
84725909,,0.0,2009-09-18,2009,9
85189793,,1.0,2009-03-13,2009,3
86967455,,0.0,2007-08-05,2007,8
88830644,20140325.0,1.0,2014-03-25,2014,3
89800466,20110331.0,0.0,2011-03-31,2011,3
91156811,20120525.0,0.0,2012-05-25,2012,5
92192666,20110922.0,0.0,2011-09-22,2011,9
93083084,20131211.0,0.0,2013-12-11,2013,12
94577459,20120706.0,0.0,2012-07-06,2012,7
95849627,,0.0,2006-12-23,2006,12
98425070,20140127.0,1.0,2014-01-27,2014,1
101415002,20120315.0,0.0,2012-03-15,2012,3
104211743,20130219.0,0.0,2013-02-19,2013,2
108083003,20141206.0,1.0,2014-12-06,2014,12
110798294,20120923.0,0.0,2012-09-23,2012,9
112842020,20101125.0,0.0,2010-11-25,2010,11
113554421,20100909.0,0.0,2010-09-09,2010,9
115248467,20130418.0,1.0,2013-04-18,2013,4
116573081,20121113.0,0.0,2012-11-13,2012,11
119127104,20110820.0,1.0,2011-08-20,2011,8
121722809,20140601.0,1.0,2014-06-01,2014,6
124333754,20140323.0,1.0,2014-03-23,2014,3
125703503,20120725.0,0.0,2012-07-25,2012,7
127104347,20120424.0,0.0,2012-04-24,2012,4
129162752,20101113.0,0.0,2010-11-13,2010,11
130263794,20100429.0,0.0,2010-04-29,2010,4
131325713,20110429.0,0.0,2011-04-29,2011,4
132383393,20150315.0,0.0,2015-03-15,2015,3
133647926,20130925.0,1.0,2013-09-25,2013,9
135519929,20120226.0,1.0,2012-02-26,2012,2
136451900,20121018.0,0.0,2012-10-18,2012,10
137364326,20101112.0,0.0,2010-11-12,2010,11
138121253,20110303.0,1.0,2011-03-03,2011,3
139879121,,1.0,2004-06-22,2004,6
140860418,20131202.0,0.0,2013-12-02,2013,12
142427984,20110721.0,0.0,2011-07-21,2011,7
143808779,20101001.0,1.0,2010-10-01,2010,10
150096824,20140928.0,0.0,2014-09-28,2014,9
150330797,20120404.0,0.0,2012-04-04,2012,4
150795260,20121121.0,1.0,2012-11-21,2012,11
154492646,20111113.0,1.0,2011-11-13,2011,11
155835737,20140615.0,1.0,2014-06-15,2014,6
157720562,20140831.0,0.0,2014-08-31,2014,8
159041066,20120723.0,1.0,2012-07-23,2012,7
160688669,20110915.0,1.0,2011-09-15,2011,9
163954748,20130616.0,0.0,2013-06-16,2013,6
167910527,20121121.0,0.0,2012-11-21,2012,11
171219494,20131109.0,0.0,2013-11-09,2013,11
175524797,,0.0,2009-05-16,2009,5
180332213,,0.0,2009-12-03,2009,12
183827816,20110430.0,0.0,2011-04-30,2011,4
186849644,20101115.0,1.0,2010-11-15,2010,11
188600174,20140121.0,1.0,2014-01-21,2014,1
191039747,20140709.0,0.0,2014-07-09,2014,7
195018770,20141109.0,0.0,2014-11-09,2014,11
198772898,20141115.0,0.0,2014-11-15,2014,11
200491949,20131106.0,1.0,2013-11-06,2013,11
210263456,20120907.0,0.0,2012-09-07,2012,9
213455117,20150702.0,0.0,2015-07-02,2015,7
220079966,20100808.0,0.0,2010-08-08,2010,8
224292962,20121213.0,1.0,2012-12-13,2012,12
229463294,20130707.0,0.0,2013-07-07,2013,7
243205895,20140702.0,0.0,2014-07-02,2014,7
249709718,20131120.0,1.0,2013-11-20,2013,11
259538915,20120423.0,0.0,2012-04-23,2012,4
264008927,20120325.0,0.0,2012-03-25,2012,3
266966105,,1.0,2008-10-13,2008,10
269267507,20121120.0,1.0,2012-11-20,2012,11
274379633,20140627.0,1.0,2014-06-27,2014,6
276246305,20101010.0,0.0,2010-10-10,2010,10
277357538,20120616.0,0.0,2012-06-16,2012,6
279787751,20130914.0,1.0,2013-09-14,2013,9
282788237,20101206.0,1.0,2010-12-06,2010,12
287230352,,1.0,2009-03-16,2009,3
290360210,20131029.0,0.0,2013-10-29,2013,10
294750833,20130730.0,1.0,2013-07-30,2013,7
299196791,20140331.0,0.0,2014-03-31,2014,3
306716492,20150301.0,1.0,2015-03-01,2015,3
321506990,20130213.0,0.0,2013-02-13,2013,2
324693962,20140219.0,0.0,2014-02-19,2014,2
338773232,20120807.0,1.0,2012-08-07,2012,8
347068613,20141120.0,0.0,2014-11-20,2014,11
350099492,,0.0,2008-06-22,2008,6
352890947,20101201.0,0.0,2010-12-01,2010,12
356049284,,0.0,2009-07-15,2009,7
358097309,20130915.0,1.0,2013-09-15,2013,9
359601689,20111215.0,0.0,2011-12-15,2011,12
363147332,,1.0,2009-01-29,2009,1
367656020,,1.0,2006-11-13,2006,11
369616040,20141005.0,0.0,2014-10-05,2014,10
370606430,20130604.0,0.0,2013-06-04,2013,6
373105196,20140103.0,1.0,2014-01-03,2014,1
376448732,,1.0,2006-03-07,2006,3
377473718,20111226.0,1.0,2011-12-26,2011,12
378871709,20120223.0,1.0,2012-02-23,2012,2
381275366,20130709.0,0.0,2013-07-09,2013,7
385135931,20141104.0,0.0,2014-11-04,2014,11
388415192,,1.0,2009-09-18,2009,9
392508254,,0.0,2009-08-09,2009,8
394567091,,0.0,2008-10-16,2008,10
398312015,20140623.0,1.0,2014-06-23,2014,6
404254046,,0.0,2009-01-11,2009,1
406935827,20131230.0,1.0,2013-12-30,2013,12
408499766,20140919.0,0.0,2014-09-19,2014,9
411194666,20140717.0,0.0,2014-07-17,2014,7
414883979,,0.0,2008-03-27,2008,3
418692116,20140602.0,1.0,2014-06-02,2014,6
425087423,20111123.0,1.0,2011-11-23,2011,11
437556506,20110928.0,0.0,2011-09-28,2011,9
441486929,20121128.0,1.0,2012-11-28,2012,11
447609368,20111115.0,1.0,2011-11-15,2011,11
466369304,20130802.0,1.0,2013-08-02,2013,8
476002223,20120817.0,0.0,2012-08-17,2012,8
486110123,20140602.0,0.0,2014-06-02,2014,6
504804896,20100220.0,0.0,2010-02-20,2010,2
506946641,20130418.0,0.0,2013-04-18,2013,4
511889597,20111106.0,1.0,2011-11-06,2011,11
525892484,20130619.0,1.0,2013-06-19,2013,6
545936732,,0.0,2006-08-10,2006,8
552289829,,0.0,2008-12-23,2008,12
571159301,20110720.0,1.0,2011-07-20,2011,7
593517038,20120626.0,1.0,2012-06-26,2012,6
603123248,20131121.0,0.0,2013-11-21,2013,11
606918860,20120627.0,0.0,2012-06-27,2012,6
614946692,20140611.0,1.0,2014-06-11,2014,6
631917779,20121023.0,1.0,2012-10-23,2012,10
642755513,20131026.0,0.0,2013-10-26,2013,10
644854097,20140318.0,0.0,2014-03-18,2014,3
646222766,20100228.0,0.0,2010-02-28,2010,2
648241169,20131005.0,0.0,2013-10-05,2013,10
650723936,20141006.0,0.0,2014-10-06,2014,10
653290859,,1.0,2007-08-20,2007,8
659749250,20121015.0,0.0,2012-10-15,2012,10
664236959,20120726.0,0.0,2012-07-26,2012,7
667774265,20131010.0,0.0,2013-10-10,2013,10
672265151,20121128.0,0.0,2012-11-28,2012,11
674451014,20110115.0,0.0,2011-01-15,2011,1
675728690,20101115.0,0.0,2010-11-15,2010,11
678827114,20130119.0,0.0,2013-01-19,2013,1
685332320,20120223.0,0.0,2012-02-23,2012,2
689783888,20140304.0,0.0,2014-03-04,2014,3
692815952,20130714.0,1.0,2013-07-14,2013,7
697241495,20100517.0,0.0,2010-05-17,2010,5
702647816,20140322.0,1.0,2014-03-22,2014,3
706851515,,0.0,2007-08-17,2007,8
711496874,20111025.0,0.0,2011-10-25,2011,10
718858754,20111015.0,1.0,2011-10-15,2011,10
722440556,20141003.0,1.0,2014-10-03,2014,10
723449270,20101003.0,0.0,2010-10-03,2010,10
726045779,20120904.0,0.0,2012-09-04,2012,9
728844788,20140527.0,0.0,2014-05-27,2014,5
733070564,20141217.0,1.0,2014-12-17,2014,12
738243947,20140522.0,1.0,2014-05-22,2014,5
743394056,20101125.0,0.0,2010-11-25,2010,11
745559711,20130217.0,1.0,2013-02-17,2013,2
748181531,20140722.0,1.0,2014-07-22,2014,7
751654337,,1.0,2008-09-27,2008,9
757254614,,0.0,2009-05-28,2009,5
759253421,20140227.0,0.0,2014-02-27,2014,2
760737575,20150306.0,1.0,2015-03-06,2015,3
763368008,20140830.0,1.0,2014-08-30,2014,8
767800373,20120608.0,0.0,2012-06-08,2012,6
771449207,20140622.0,0.0,2014-06-22,2014,6
775425752,20140830.0,1.0,2014-08-30,2014,8
779743331,20130912.0,1.0,2013-09-12,2013,9
783771062,20121005.0,0.0,2012-10-05,2012,10
786904109,20130422.0,1.0,2013-04-22,2013,4
789872417,,0.0,2009-08-05,2009,8
795355691,20110709.0,0.0,2011-07-09,2011,7
797916383,20130418.0,0.0,2013-04-18,2013,4
800173649,20130720.0,0.0,2013-07-20,2013,7
807555311,20140213.0,1.0,2014-02-13,2014,2
810566789,20140318.0,1.0,2014-03-18,2014,3
812347802,20130319.0,0.0,2013-03-19,2013,3
816914951,20140928.0,0.0,2014-09-28,2014,9
818864954,20140713.0,1.0,2014-07-13,2014,7
824754611,20121108.0,0.0,2012-11-08,2012,11
829213583,20131110.0,0.0,2013-11-10,2013,11
834999974,20141130.0,1.0,2014-11-30,2014,11
841216238,20130505.0,0.0,2013-05-05,2013,5
849873788,20140519.0,0.0,2014-05-19,2014,5
854553317,20140119.0,0.0,2014-01-19,2014,1
864297971,20130309.0,0.0,2013-03-09,2013,3
867290915,,0.0,2007-02-07,2007,2
877873688,20130610.0,0.0,2013-06-10,2013,6
882909923,20120516.0,1.0,2012-05-16,2012,5
889878950,20130901.0,0.0,2013-09-01,2013,9
894103508,20141021.0,0.0,2014-10-21,2014,10
898630655,20121102.0,1.0,2012-11-02,2012,11
910140800,20130302.0,0.0,2013-03-02,2013,3
918918455,,0.0,2008-10-22,2008,10
929425316,20110912.0,0.0,2011-09-12,2011,9
1020368066,20100601.0,1.0,2010-06-01,2010,6
1023634940,20111228.0,0.0,2011-12-28,2011,12
1033551143,20130812.0,0.0,2013-08-12,2013,8
1040314082,20120422.0,1.0,2012-04-22,2012,4
1045498739,20130926.0,1.0,2013-09-26,2013,9
1050126413,20140518.0,0.0,2014-05-18,2014,5
1055473418,20101103.0,1.0,2010-11-03,2010,11
1062425612,20120902.0,0.0,2012-09-02,2012,9
1069860359,20130508.0,0.0,2013-05-08,2013,5
1076986436,20120320.0,0.0,2012-03-20,2012,3
1081341647,20141209.0,1.0,2014-12-09,2014,12
1091263211,20130413.0,0.0,2013-04-13,2013,4
1108310267,20131002.0,1.0,2013-10-02,2013,10
1124076737,20121013.0,0.0,2012-10-13,2012,10
1134007073,20131231.0,,2013-12-31,2013,12
1589292035,20110605.0,1.0,2011-06-05,2011,6
1630379975,20140402.0,0.0,2014-04-02,2014,4
1641457379,20131226.0,1.0,2013-12-26,2013,12
1656319652,20150108.0,1.0,2015-01-08,2015,1
1671080225,20140309.0,0.0,2014-03-09,2014,3
1684502624,20110525.0,1.0,2011-05-25,2011,5
1709476961,20130106.0,0.0,2013-01-06,2013,1
1743387086,20121013.0,0.0,2012-10-13,2012,10
1771335722,20120808.0,1.0,2012-08-08,2012,8
1793514014,20130625.0,0.0,2013-06-25,2013,6
1822398971,20130508.0,0.0,2013-05-08,2013,5
1844317769,20140626.0,0.0,2014-06-26,2014,6
1850552006,20140125.0,1.0,2014-01-25,2014,1
1869728066,20130721.0,1.0,2013-07-21,2013,7
1887892514,,0.0,2009-12-10,2009,12
1924473311,20140416.0,0.0,2014-04-16,2014,4
1942584506,20140405.0,1.0,2014-04-05,2014,4
1978481429,20130829.0,1.0,2013-08-29,2013,8
2020687907,20120704.0,0.0,2012-07-04,2012,7
2067426839,20150301.0,1.0,2015-03-01,2015,3
2104818212,20140327.0,0.0,2014-03-27,2014,3
2176939646,20140110.0,1.0,2014-01-10,2014,1
2214580556,20121201.0,1.0,2012-12-01,2012,12
2262837380,20110914.0,0.0,2011-09-14,2011,9
2391404843,20140916.0,1.0,2014-09-16,2014,9
243385,20110710.0,0.0,2011-07-10,2011,7
929851,20110403.0,0.0,2011-04-03,2011,4
10405255,20120214.0,0.0,2012-02-14,2012,2
11503702,20120826.0,1.0,2012-08-26,2012,8
12631429,20130408.0,1.0,2013-04-08,2013,4
13503298,20120928.0,0.0,2012-09-28,2012,9
13848376,20140821.0,1.0,2014-08-21,2014,8
14304064,20100601.0,1.0,2010-06-01,2010,6
15108904,20121214.0,1.0,2012-12-14,2012,12
16033918,20131024.0,,2013-10-24,2013,10
17289460,20101211.0,1.0,2010-12-11,2010,12
18382012,,1.0,2009-05-30,2009,5
20451388,20120129.0,1.0,2012-01-29,2012,1
20995405,20111114.0,0.0,2011-11-14,2011,11
21647086,,0.0,2009-03-14,2009,3
21838963,20140310.0,0.0,2014-03-10,2014,3
22733878,,1.0,2009-01-16,2009,1
23086954,20111008.0,0.0,2011-10-08,2011,10
24079156,20101231.0,1.0,2010-12-31,2010,12
25526539,20140309.0,1.0,2014-03-09,2014,3
26188351,20100329.0,0.0,2010-03-29,2010,3
27595882,20100329.0,1.0,2010-03-29,2010,3
30438040,,0.0,2003-10-17,2003,10
31465015,20120601.0,1.0,2012-06-01,2012,6
32418211,,1.0,2009-09-29,2009,9
32950783,20131025.0,0.0,2013-10-25,2013,10
33580636,20110102.0,0.0,2011-01-02,2011,1
35009662,20121124.0,1.0,2012-11-24,2012,11
35832151,,1.0,2009-04-01,2009,4
36789289,20130611.0,0.0,2013-06-11,2013,6
38130097,20140127.0,1.0,2014-01-27,2014,1
39645715,20130122.0,1.0,2013-01-22,2013,1
40216027,20110124.0,0.0,2011-01-24,2011,1
42092374,20150117.0,1.0,2015-01-17,2015,1
43270534,20140410.0,1.0,2014-04-10,2014,4
44732791,20110828.0,0.0,2011-08-28,2011,8
45002392,20131212.0,,2013-12-12,2013,12
45797590,20130818.0,1.0,2013-08-18,2013,8
46239667,20110916.0,1.0,2011-09-16,2011,9
47138383,20101221.0,0.0,2010-12-21,2010,12
47836546,20120901.0,0.0,2012-09-01,2012,9
48621253,20130125.0,1.0,2013-01-25,2013,1
49008121,20110310.0,0.0,2011-03-10,2011,3
49551046,20150419.0,0.0,2015-04-19,2015,4
49997797,,1.0,2009-08-16,2009,8
50839954,20110811.0,0.0,2011-08-11,2011,8
51587524,,1.0,2009-02-02,2009,2
52313002,,0.0,2006-04-15,2006,4
53224585,20110603.0,0.0,2011-06-03,2011,6
53917099,20110921.0,0.0,2011-09-21,2011,9
54366478,20101210.0,1.0,2010-12-10,2010,12
55069180,20140807.0,0.0,2014-08-07,2014,8
55522687,20131215.0,1.0,2013-12-15,2013,12
56340436,,1.0,2008-01-06,2008,1
56819773,,1.0,2008-08-12,2008,8
57613642,20130720.0,0.0,2013-07-20,2013,7
58386865,20130319.0,1.0,2013-03-19,2013,3
58846126,20140525.0,0.0,2014-05-25,2014,5
59265016,20130215.0,1.0,2013-02-15,2013,2
60392074,20130321.0,1.0,2013-03-21,2013,3
61588159,20130813.0,0.0,2013-08-13,2013,8
62395309,20111212.0,1.0,2011-12-12,2011,12
63157165,20110809.0,1.0,2011-08-09,2011,8
64093162,20100816.0,1.0,2010-08-16,2010,8
64581913,20130827.0,,2013-08-27,2013,8
65935243,,1.0,2006-06-16,2006,6
66738967,,0.0,2004-11-09,2004,11
67828543,20121227.0,1.0,2012-12-27,2012,12
69106930,20100601.0,0.0,2010-06-01,2010,6
69889555,20101111.0,0.0,2010-11-11,2010,11
70231555,20120223.0,0.0,2012-02-23,2012,2
71241931,20110831.0,1.0,2011-08-31,2011,8
72341311,20140406.0,0.0,2014-04-06,2014,4
72555454,20120302.0,1.0,2012-03-02,2012,3
73927336,20111015.0,1.0,2011-10-15,2011,10
75200815,20131114.0,0.0,2013-11-14,2013,11
75758080,20120302.0,0.0,2012-03-02,2012,3
76472818,20120425.0,1.0,2012-04-25,2012,4
77164222,20150129.0,1.0,2015-01-29,2015,1
78135508,20111105.0,1.0,2011-11-05,2011,11
78923188,,0.0,2002-12-05,2002,12
80273467,20150125.0,,2015-01-25,2015,1
82413736,20110920.0,0.0,2011-09-20,2011,9
83359531,20110205.0,1.0,2011-02-05,2011,2
83942488,20100621.0,1.0,2010-06-21,2010,6
84547855,,0.0,2007-08-08,2007,8
84890647,20130228.0,1.0,2013-02-28,2013,2
85390387,,0.0,2003-09-09,2003,9
85942387,20121226.0,0.0,2012-12-26,2012,12
86828233,,0.0,2008-01-21,2008,1
87526273,20101101.0,0.0,2010-11-01,2010,11
88718614,,1.0,2009-10-10,2009,10
89781118,20130112.0,1.0,2013-01-12,2013,1
90961714,20120210.0,0.0,2012-02-10,2012,2
92590396,20120717.0,1.0,2012-07-17,2012,7
95793571,20131010.0,0.0,2013-10-10,2013,10
97496056,20111117.0,0.0,2011-11-17,2011,11
99519637,20140806.0,0.0,2014-08-06,2014,8
101254996,20130717.0,,2013-07-17,2013,7
102571912,20101116.0,0.0,2010-11-16,2010,11
106735420,20130709.0,1.0,2013-07-09,2013,7
107865814,20120620.0,1.0,2012-06-20,2012,6
108344071,20100704.0,1.0,2010-07-04,2010,7
109907629,20100218.0,1.0,2010-02-18,2010,2
111794341,20100902.0,1.0,2010-09-02,2010,9
112175464,20140101.0,0.0,2014-01-01,2014,1
113093326,20121126.0,1.0,2012-11-26,2012,11
115378612,20140412.0,,2014-04-12,2014,4
117002455,20110425.0,0.0,2011-04-25,2011,4
118942006,20120929.0,1.0,2012-09-29,2012,9
120971704,20110624.0,0.0,2011-06-24,2011,6
124613323,20110420.0,1.0,2011-04-20,2011,4
125840215,20110502.0,0.0,2011-05-02,2011,5
127451512,20121212.0,0.0,2012-12-12,2012,12
128693368,20100720.0,0.0,2010-07-20,2010,7
129972565,20110122.0,0.0,2011-01-22,2011,1
131802832,20120405.0,1.0,2012-04-05,2012,4
133546192,20130707.0,,2013-07-07,2013,7
134536342,20120521.0,0.0,2012-05-21,2012,5
136517419,20120712.0,1.0,2012-07-12,2012,7
138548893,20140627.0,0.0,2014-06-27,2014,6
139491685,20120503.0,1.0,2012-05-03,2012,5
141263038,20111128.0,1.0,2011-11-28,2011,11
141999400,20120817.0,1.0,2012-08-17,2012,8
144253378,20131021.0,,2013-10-21,2013,10
152076304,,0.0,2008-08-19,2008,8
153843973,,1.0,2008-02-24,2008,2
156156175,20130824.0,,2013-08-24,2013,8
156942952,20131227.0,0.0,2013-12-27,2013,12
161512438,20130304.0,0.0,2013-03-04,2013,3
165283246,20131104.0,1.0,2013-11-04,2013,11
168252385,20130127.0,1.0,2013-01-27,2013,1
169596502,20150218.0,1.0,2015-02-18,2015,2
173329093,20130615.0,0.0,2013-06-15,2013,6
178032355,20130510.0,1.0,2013-05-10,2013,5
183137017,,0.0,2007-11-05,2007,11
185178295,20140813.0,1.0,2014-08-13,2014,8
188785717,20110617.0,0.0,2011-06-17,2011,6
191994688,20130319.0,1.0,2013-03-19,2013,3
195510961,20120116.0,1.0,2012-01-16,2012,1
197411149,20100429.0,0.0,2010-04-29,2010,4
198627397,20130617.0,,2013-06-17,2013,6
200849884,,1.0,2006-01-13,2006,1
204505282,20101006.0,0.0,2010-10-06,2010,10
207508450,20120220.0,1.0,2012-02-20,2012,2
217491793,20130210.0,0.0,2013-02-10,2013,2
223475170,,1.0,2005-12-18,2005,12
240345601,20130413.0,1.0,2013-04-13,2013,4
248962105,20130726.0,0.0,2013-07-26,2013,7
253581310,20140411.0,0.0,2014-04-11,2014,4
257521582,20140505.0,1.0,2014-05-05,2014,5
260092225,20111005.0,1.0,2011-10-05,2011,10
262823764,20120913.0,1.0,2012-09-13,2012,9
264839494,,0.0,2007-07-29,2007,7
270377458,20120402.0,0.0,2012-04-02,2012,4
274099870,20140831.0,0.0,2014-08-31,2014,8
275987542,20140103.0,1.0,2014-01-03,2014,1
276632530,20120716.0,1.0,2012-07-16,2012,7
279185110,,1.0,2007-08-16,2007,8
280347691,20130406.0,0.0,2013-04-06,2013,4
283250293,20130613.0,1.0,2013-06-13,2013,6
290538796,20110520.0,1.0,2011-05-20,2011,5
293128525,20130306.0,1.0,2013-03-06,2013,3
296255521,20120915.0,0.0,2012-09-15,2012,9
300031861,20140105.0,0.0,2014-01-05,2014,1
306544399,20121104.0,1.0,2012-11-04,2012,11
310635877,20130321.0,0.0,2013-03-21,2013,3
321329368,,0.0,2007-04-28,2007,4
325249615,20110103.0,0.0,2011-01-03,2011,1
330386953,20110210.0,0.0,2011-02-10,2011,2
339355276,20130831.0,1.0,2013-08-31,2013,8
345134125,20130118.0,0.0,2013-01-18,2013,1
346883797,20120328.0,0.0,2012-03-28,2012,3
350100046,20110509.0,0.0,2011-05-09,2011,5
353221225,20110813.0,0.0,2011-08-13,2011,8
355762297,,0.0,2009-09-23,2009,9
359840716,,0.0,2009-01-20,2009,1
363860560,20140216.0,,2014-02-16,2014,2
366240547,,0.0,2009-11-06,2009,11
369840982,20130309.0,1.0,2013-03-09,2013,3
371636266,20131204.0,0.0,2013-12-04,2013,12
376464964,20140824.0,0.0,2014-08-24,2014,8
377550424,20110620.0,1.0,2011-06-20,2011,6
381387022,20130401.0,1.0,2013-04-01,2013,4
383735470,20110819.0,0.0,2011-08-19,2011,8
385231417,20111122.0,1.0,2011-11-22,2011,11
389326420,20130717.0,0.0,2013-07-17,2013,7
393380275,20100209.0,0.0,2010-02-09,2010,2
397468855,20140804.0,1.0,2014-08-04,2014,8
401026519,20110320.0,0.0,2011-03-20,2011,3
403168768,20131217.0,0.0,2013-12-17,2013,12
406365709,20130608.0,0.0,2013-06-08,2013,6
410823343,20110326.0,1.0,2011-03-26,2011,3
411347539,20120904.0,1.0,2012-09-04,2012,9
416284711,20130324.0,0.0,2013-03-24,2013,3
423008263,20120812.0,1.0,2012-08-12,2012,8
430319227,20110615.0,0.0,2011-06-15,2011,6
441460285,20131023.0,1.0,2013-10-23,2013,10
444309931,20100810.0,0.0,2010-08-10,2010,8
445949008,20141009.0,1.0,2014-10-09,2014,10
460727512,,0.0,2009-07-22,2009,7
468484747,20110531.0,1.0,2011-05-31,2011,5
479631961,20110725.0,0.0,2011-07-25,2011,7
488469409,20140809.0,1.0,2014-08-09,2014,8
504846829,20131024.0,1.0,2013-10-24,2013,10
509990590,20140404.0,1.0,2014-04-04,2014,4
513441334,20110105.0,1.0,2011-01-05,2011,1
517793335,20110710.0,1.0,2011-07-10,2011,7
530044678,,0.0,2008-01-01,2008,1
549274183,20120928.0,0.0,2012-09-28,2012,9
559247716,20121020.0,1.0,2012-10-20,2012,10
576767101,20130601.0,1.0,2013-06-01,2013,6
593315800,20120923.0,1.0,2012-09-23,2012,9
604714141,20140805.0,1.0,2014-08-05,2014,8
609791410,20140220.0,1.0,2014-02-20,2014,2
628367479,20120126.0,1.0,2012-01-26,2012,1
638926978,20150108.0,1.0,2015-01-08,2015,1
643563115,20110808.0,1.0,2011-08-08,2011,8
647746339,20130207.0,1.0,2013-02-07,2013,2
649346959,20130427.0,0.0,2013-04-27,2013,4
651493549,20111108.0,1.0,2011-11-08,2011,11
655834471,20120403.0,0.0,2012-04-03,2012,4
658919521,20131014.0,0.0,2013-10-14,2013,10
664444918,20110927.0,1.0,2011-09-27,2011,9
669302326,20100406.0,0.0,2010-04-06,2010,4
672166297,20131024.0,1.0,2013-10-24,2013,10
674478679,20140201.0,1.0,2014-02-01,2014,2
675579268,20130916.0,0.0,2013-09-16,2013,9
678340978,20140825.0,1.0,2014-08-25,2014,8
682354444,20140605.0,1.0,2014-06-05,2014,6
685810741,20130322.0,1.0,2013-03-22,2013,3
687066529,20110511.0,1.0,2011-05-11,2011,5
688809898,20120804.0,0.0,2012-08-04,2012,8
691470382,20130407.0,0.0,2013-04-07,2013,4
694874554,20121122.0,0.0,2012-11-22,2012,11
697526248,20150115.0,1.0,2015-01-15,2015,1
701712529,20150402.0,1.0,2015-04-02,2015,4
703730908,20100502.0,0.0,2010-05-02,2010,5
705498556,20121004.0,0.0,2012-10-04,2012,10
709021222,20121101.0,1.0,2012-11-01,2012,11
711528325,20101114.0,1.0,2010-11-14,2010,11
713724745,20100424.0,0.0,2010-04-24,2010,4
721803445,,0.0,2008-08-08,2008,8
725520721,20111208.0,1.0,2011-12-08,2011,12
729828346,20130107.0,1.0,2013-01-07,2013,1
735319921,20121001.0,1.0,2012-10-01,2012,10
740015689,20130926.0,0.0,2013-09-26,2013,9
746105695,20130627.0,1.0,2013-06-27,2013,6
750087385,20150215.0,0.0,2015-02-15,2015,2
752822677,20130226.0,1.0,2013-02-26,2013,2
755743741,20140717.0,0.0,2014-07-17,2014,7
761730076,,0.0,2008-02-09,2008,2
769346515,20140502.0,1.0,2014-05-02,2014,5
771784864,20120824.0,0.0,2012-08-24,2012,8
775584118,20121023.0,0.0,2012-10-23,2012,10
779107498,,0.0,2009-09-28,2009,9
783992038,,1.0,2008-07-23,2008,7
785043910,20130530.0,0.0,2013-05-30,2013,5
790148926,20140827.0,1.0,2014-08-27,2014,8
794000662,20140903.0,0.0,2014-09-03,2014,9
799287214,20120813.0,0.0,2012-08-13,2012,8
809244853,20150502.0,0.0,2015-05-02,2015,5
814243609,20130110.0,1.0,2013-01-10,2013,1
818761936,20131205.0,1.0,2013-12-05,2013,12
821089219,20140615.0,0.0,2014-06-15,2014,6
826835722,20140702.0,0.0,2014-07-02,2014,7
834678463,20140610.0,1.0,2014-06-10,2014,6
838547338,20121218.0,0.0,2012-12-18,2012,12
842436337,20111016.0,1.0,2011-10-16,2011,10
854053048,20110524.0,1.0,2011-05-24,2011,5
857559826,20131013.0,0.0,2013-10-13,2013,10
867476098,20130806.0,0.0,2013-08-06,2013,8
870525985,20140903.0,0.0,2014-09-03,2014,9
877518892,20140304.0,1.0,2014-03-04,2014,3
883771195,20120711.0,1.0,2012-07-11,2012,7
891736786,20120628.0,1.0,2012-06-28,2012,6
904942807,20101105.0,0.0,2010-11-05,2010,11
917524288,20110624.0,0.0,2011-06-24,2011,6
921137911,20140714.0,1.0,2014-07-14,2014,7
924007702,,0.0,2009-12-24,2009,12
930683689,20131013.0,,2013-10-13,2013,10
1017989581,20140804.0,1.0,2014-08-04,2014,8
1027969540,20130228.0,0.0,2013-02-28,2013,2
1038480421,20130208.0,1.0,2013-02-08,2013,2
1041892321,20120801.0,0.0,2012-08-01,2012,8
1052158519,20120329.0,0.0,2012-03-29,2012,3
1063363684,20141114.0,0.0,2014-11-14,2014,11
1070284684,20111229.0,0.0,2011-12-29,2011,12
1081311286,20131031.0,0.0,2013-10-31,2013,10
1087643545,20130629.0,1.0,2013-06-29,2013,6
1094274418,20130803.0,0.0,2013-08-03,2013,8
1103802043,20130301.0,1.0,2013-03-01,2013,3
1133628211,20120903.0,0.0,2012-09-03,2012,9
1577585731,20130321.0,0.0,2013-03-21,2013,3
1609674769,20140703.0,,2014-07-03,2014,7
1635254677,20130123.0,1.0,2013-01-23,2013,1
1649930323,20101004.0,0.0,2010-10-04,2010,10
1671493753,20141222.0,1.0,2014-12-22,2014,12
1683328510,20130817.0,1.0,2013-08-17,2013,8
1702276954,20130821.0,1.0,2013-08-21,2013,8
1711109878,20120823.0,0.0,2012-08-23,2012,8
1720825303,20140721.0,0.0,2014-07-21,2014,7
1754594929,20140826.0,0.0,2014-08-26,2014,8
1812586633,20150309.0,0.0,2015-03-09,2015,3
1830529477,20130617.0,0.0,2013-06-17,2013,6
1836568285,20111123.0,0.0,2011-11-23,2011,11
1862594497,20100105.0,0.0,2010-01-05,2010,1
1890948217,20130917.0,0.0,2013-09-17,2013,9
1921509424,20130531.0,1.0,2013-05-31,2013,5
1973092345,,0.0,2003-03-03,2003,3
1993235563,20140709.0,1.0,2014-07-09,2014,7
2020957900,20140430.0,0.0,2014-04-30,2014,4
2080304899,20100713.0,0.0,2010-07-13,2010,7
2114469016,20140416.0,0.0,2014-04-16,2014,4
2186831536,20140519.0,1.0,2014-05-19,2014,5
2254611367,20111031.0,0.0,2011-10-31,2011,10
